{"cameraMode":{"drawMode":0,"name":"Shaded","section":"Shading Mode"},"sceneLighting":true,"audioPlay":false,"sceneViewState":{"m_AlwaysRefresh":false,"showFog":true,"showSkybox":true,"showFlares":true,"showImageEffects":true,"showParticleSystems":true,"showVisualEffectGraphs":true,"m_FxEnabled":true},"in2DMode":false,"pivot":{"x":3.196683168411255,"y":5.600013732910156,"z":3.1086173057556154},"rotation":{"x":-0.11773361265659332,"y":0.8812775015830994,"z":-0.30068787932395937,"w":-0.34506240487098696},"size":2.2914366722106935,"orthographic":false}